family,dataset,method,source_method,ARI,ACC,BalancedACC,RareACC,BalancedRareACC,UltraRareACC,Batch correction
Rare Specific,BBAG094 Zeisel,scRAW,scRAW (trial_0017),0.4301883295024661,0.6407185628742516,0.5695202861675058,0.6108108108108108,0.3942307692307692,0.5555555555555556,0.4000360971162749
Rare Specific,BBAG094 spleen,scRAW,scRAW (trial_0017),0.8700744463231944,0.8291457286432161,0.7309318547414984,0.5285326086956522,0.7420385045572452,0.9761904761904762,0.7909291345199329
Rare Specific,Baron human pancreas,scRAW,scRAW (trial_0017),0.9158965181979905,0.9337145524565292,0.8702221194567779,0.8955637707948244,0.837473323530332,0.8135593220338984,0.5749552605057935
Rare Specific,Human testis GSE112013,scRAW,scRAW (trial_0017),0.6107002323051303,0.7178736517719568,0.7963247792238903,0.9667013527575442,0.89321124021709,0.6428571428571429,0.7303536766041685
Rare Specific,Kang PBMC,scRAW,scRAW (trial_0017),0.5459843343891061,0.7057650028499308,0.5641141790530496,0.678125,0.7142094017094017,0.8173076923076923,0.6843171205513716
Rare Specific,Macaque retina bipolar,scRAW,scRAW (trial_0017),0.9244654129213528,0.9366708468087916,0.914858085822702,0.957920792079208,0.9037712136460482,0.6802721088435374,0.6374791031394675
Rare Specific,Paul15 bone marrow,scRAW,scRAW (trial_0017),0.2832245907007426,0.4161172161172161,0.3697830604541274,0.1263616557734204,0.2113500597371565,0.0,
Rare Specific,Tabula Muris liver,scRAW,scRAW (trial_0017),0.6827909308919632,0.745715285064708,0.5921954950000582,0.3228699551569506,0.4,,
Rare Specific,BBAG094 Zeisel,scAIDE,scAIDE,0.6955293827796469,0.8349966733200266,0.7612233045423928,0.8108108108108109,0.6002878074306646,0.6666666666666666,0.3563781659048055
Rare Specific,BBAG094 spleen,scAIDE,scAIDE,0.9336405125695943,0.9567629815745392,0.7108491048298716,0.6820652173913043,0.5287356321839081,0.0,0.6896961162538213
Rare Specific,Baron human pancreas,scAIDE,scAIDE,0.7944032035035324,0.749912475201307,0.6013918625648081,0.6349353049907579,0.5005551068949708,0.6271186440677966,0.61426277412671
Rare Specific,Human testis GSE112013,scAIDE,scAIDE,0.611075044980888,0.7263482280431433,0.7981940855916884,0.8439125910509886,0.8659010773196425,0.9285714285714286,0.7822467538882234
Rare Specific,Kang PBMC,scAIDE,scAIDE,0.8112042439517504,0.7320657926878918,0.5095761109947174,0.2203125,0.1781517094017094,0.0576923076923076,0.5008472926355257
Rare Specific,Macaque retina bipolar,scAIDE,scAIDE,0.8734328229419214,0.8999735991023695,0.8696389869488309,0.9220297029702972,0.7371914634588156,0.0068027210884353,0.4506611362064868
Rare Specific,Paul15 bone marrow,scAIDE,scAIDE,0.3280714585627989,0.4655677655677656,0.4557329548402207,0.3638344226579521,0.4214119844980885,0.2258064516129032,
Rare Specific,Tabula Muris liver,scAIDE,scAIDE,0.6267091866347666,0.695697796432319,0.5318425153166911,0.1345291479820627,0.2,,
Rare Specific,BBAG094 Zeisel,scCAD,scCAD,0.3575497552887321,0.3426480372588157,0.3455751393368246,0.2810810810810811,0.515149136577708,0.5925925925925926,0.3791070390860109
Rare Specific,BBAG094 spleen,scCAD,scCAD,0.4160899891303404,0.5570561139028476,0.4704646659851388,0.264945652173913,0.4922163918040979,1.0,0.5647690881835075
Rare Specific,Baron human pancreas,scCAD,scCAD,0.6049868988016032,0.5372855642432023,0.5220812726378147,0.3493530499075785,0.5553283896291049,0.9152542372881356,0.549390550124902
Rare Specific,Human testis GSE112013,scCAD,scCAD,0.3990881900976668,0.3151001540832049,0.2940061225369449,0.291363163371488,0.3528222829100292,0.5714285714285714,0.6667543334823619
Rare Specific,Kang PBMC,scCAD,scCAD,0.4276674551464887,0.4081508020519501,0.2626121859521179,0.2203125,0.234241452991453,0.2740384615384615,0.5233528215257864
Rare Specific,Macaque retina bipolar,scCAD,scCAD,0.4250527897674626,0.5600290409873936,0.6417737447095965,0.6497524752475248,0.7121038540967599,0.6666666666666666,0.5082633237081394
Rare Specific,Paul15 bone marrow,scCAD,scCAD,0.2243167105067877,0.2871794871794871,0.3295107178886431,0.2788671023965142,0.4252755748437853,0.6774193548387096,
Rare Specific,Tabula Muris liver,scCAD,scCAD,0.4429350003113112,0.4008394543546694,0.3338720676886075,0.4080717488789238,0.4185416666666667,,
Rare Specific,BBAG094 Zeisel,GiniClust,GiniClust,0.0356671566103591,0.2967398536260812,0.1257684578978887,0.1243243243243243,0.0705847723704866,0.037037037037037,0.3791070390860109
Rare Specific,BBAG094 spleen,GiniClust,GiniClust,0.1407501351877176,0.6734715242881072,0.2305154367489717,0.0788043478260869,0.049615668356298,0.0238095238095238,0.5555178698377947
Rare Specific,Baron human pancreas,GiniClust,GiniClust,0.0518010893412266,0.3097210876414984,0.2078240930135974,0.0757855822550831,0.1913729573263474,0.576271186440678,0.5497250205305556
Rare Specific,Human testis GSE112013,GiniClust,GiniClust,0.0426811935236182,0.2172573189522342,0.1311605229378539,0.1103017689906347,0.0900669642857142,0.0,0.6665141540078618
Rare Specific,Kang PBMC,GiniClust,GiniClust,0.0519078632910351,0.4205276443286377,0.1458077086048332,0.00625,0.0046296296296296,0.0,0.5258722051292675
Rare Specific,Macaque retina bipolar,GiniClust,GiniClust,0.0231803810422315,0.2203154907266847,0.1167947424548091,0.0383663366336633,0.0353744389120293,0.0,0.5128376800863568
Rare Specific,Paul15 bone marrow,GiniClust,GiniClust,0.0071314773024026,0.1534798534798535,0.0708118368276928,0.008714596949891,0.0104364326375711,0.0,
Rare Specific,Tabula Muris liver,GiniClust,GiniClust,0.1030496281895809,0.3871983210912906,0.1950774077481865,0.0807174887892376,0.12,,
Rare Specific,BBAG094 Zeisel,DeepScena,DeepScena,0.3161856193622164,0.5518962075848304,0.4896884553329222,0.7351351351351352,0.4164115646258504,0.0,0.4478486727467957
Rare Specific,BBAG094 spleen,DeepScena,DeepScena,0.5166828129022619,0.7292713567839196,0.7163647155378637,0.9157608695652174,0.6515679660169915,0.0,0.6454709506622498
Rare Specific,Baron human pancreas,DeepScena,DeepScena,0.5721115848745495,0.6601703816081222,0.3844271061486827,0.6062846580406654,0.2745624801824746,0.0,0.601989293980998
Rare Specific,Human testis GSE112013,DeepScena,DeepScena,0.4917144181437786,0.5955315870570108,0.656926345790513,0.3579604578563995,0.4887276785714286,0.9642857142857144,0.7745639644874889
Rare Specific,Kang PBMC,DeepScena,DeepScena,0.7727101413307176,0.7494225860042951,0.5591495682905769,0.2630057803468208,0.2512286324786325,,0.5043353781506493
Rare Specific,Macaque retina bipolar,DeepScena,DeepScena,0.0463661543699029,0.2729192792554947,0.1387329166213815,0.0255775577557755,0.0360079966736931,0.0952380952380952,0.517319398896821
Rare Specific,Paul15 bone marrow,DeepScena,DeepScena,0.2768069073927794,0.3157509157509157,0.2081181333474392,0.1111111111111111,0.1383796570937346,0.032258064516129,
Rare Specific,Tabula Muris liver,DeepScena,DeepScena,0.8235452463351149,0.8219657222805177,0.4853192816326208,0.0269058295964125,0.04,,
Rare Specific,BBAG094 Zeisel,CellSIUS,CellSIUS,0.5721813494355713,0.6250831669993346,0.5737509229307068,0.4864864864864865,0.6363226059654631,0.5925925925925926,0.3791070390860109
Rare Specific,BBAG094 spleen,CellSIUS,CellSIUS,0.465211490129131,0.6865577889447236,0.8205317753306061,0.6942934782608695,0.8361694152923538,1.0,0.5635786119930313
Rare Specific,Baron human pancreas,CellSIUS,CellSIUS,0.6655984842183298,0.7306570194888552,0.7025731741587457,0.7846580406654344,0.6499624945055662,0.635593220338983,0.5497402004745524
Rare Specific,Human testis GSE112013,CellSIUS,CellSIUS,0.5809163003977524,0.6642526964560863,0.7063720158022352,0.8126951092611863,0.7691479971690871,0.6071428571428571,0.6667543334823619
Rare Specific,Kang PBMC,CellSIUS,CellSIUS,0.7754337594247781,0.7504682029150721,0.5716616600833417,0.19375,0.2980769230769231,0.5961538461538461,0.5233528215257864
Rare Specific,Macaque retina bipolar,CellSIUS,CellSIUS,0.4966767713999813,0.5243548280641542,0.6019188899453649,0.9253300330033004,0.7431294638515911,0.0204081632653061,0.5082633237081394
Rare Specific,Paul15 bone marrow,CellSIUS,CellSIUS,0.3405759360259529,0.4875457875457875,0.4855921344301374,0.3289760348583878,0.4264042676302391,0.5806451612903226,
Rare Specific,Tabula Muris liver,CellSIUS,CellSIUS,0.3648315181321307,0.4966771598461,0.5625364597649519,0.5426008968609866,0.5069246031746031,,
Méthodes généralistes,BBAG094 Zeisel,scRAW,scRAW (trial_0017),0.4301883295024661,0.6407185628742516,0.5695202861675058,0.6108108108108108,0.3942307692307692,0.5555555555555556,0.4000360971162749
Méthodes généralistes,BBAG094 spleen,scRAW,scRAW (trial_0017),0.8700744463231944,0.8291457286432161,0.7309318547414984,0.5285326086956522,0.7420385045572452,0.9761904761904762,0.7909291345199329
Méthodes généralistes,Baron human pancreas,scRAW,scRAW (trial_0017),0.9158965181979905,0.9337145524565292,0.8702221194567779,0.8955637707948244,0.837473323530332,0.8135593220338984,0.5749552605057935
Méthodes généralistes,Human testis GSE112013,scRAW,scRAW (trial_0017),0.6107002323051303,0.7178736517719568,0.7963247792238903,0.9667013527575442,0.89321124021709,0.6428571428571429,0.7303536766041685
Méthodes généralistes,Kang PBMC,scRAW,scRAW (trial_0017),0.5459843343891061,0.7057650028499308,0.5641141790530496,0.678125,0.7142094017094017,0.8173076923076923,0.6843171205513716
Méthodes généralistes,Macaque retina bipolar,scRAW,scRAW (trial_0017),0.9244654129213528,0.9366708468087916,0.914858085822702,0.957920792079208,0.9037712136460482,0.6802721088435374,0.6374791031394675
Méthodes généralistes,Paul15 bone marrow,scRAW,scRAW (trial_0017),0.2832245907007426,0.4161172161172161,0.3697830604541274,0.1263616557734204,0.2113500597371565,0.0,
Méthodes généralistes,Tabula Muris liver,scRAW,scRAW (trial_0017),0.6827909308919632,0.745715285064708,0.5921954950000582,0.3228699551569506,0.4,,
Méthodes généralistes,BBAG094 Zeisel,PCA+Leiden,pca_leiden,0.6323066051146811,0.7904191616766467,0.6489228730178531,0.4864864864864865,0.3355572998430141,0.5555555555555556,0.3791070589542258
Méthodes généralistes,BBAG094 spleen,PCA+Leiden,pca_leiden,0.4329535845203762,0.6063651591289783,0.8100642576344373,0.9918478260869564,0.9884715380405036,0.9761904761904762,0.5542372781112341
Méthodes généralistes,Baron human pancreas,PCA+Leiden,pca_leiden,0.6657082726176691,0.7271560275411366,0.7162766791066312,0.8123844731977818,0.6702644333685482,0.7966101694915254,0.5484810301653094
Méthodes généralistes,Human testis GSE112013,PCA+Leiden,pca_leiden,0.6263413988607033,0.7437596302003082,0.7589806035619334,0.9209157127991676,0.7122565101667626,0.0,0.6622977291899567
Méthodes généralistes,Kang PBMC,PCA+Leiden,pca_leiden,0.7744139506266788,0.7536438400781695,0.5948205929684951,0.33125,0.3912037037037037,0.5625,0.7261262096182571
Méthodes généralistes,Macaque retina bipolar,PCA+Leiden,pca_leiden,0.4966672240383485,0.524552834796383,0.6030929305541207,0.9253300330033004,0.7456420107826937,0.0340136054421768,0.5095256903957548
Méthodes généralistes,Paul15 bone marrow,PCA+Leiden,pca_leiden,0.3114619501326496,0.4725274725274725,0.4220902090046565,0.2265795206971677,0.2845632159673905,0.0,
Méthodes généralistes,Tabula Muris liver,PCA+Leiden,pca_leiden,0.5543951034735616,0.7191325638335082,0.5733014570131655,0.1345291479820627,0.2,,
Méthodes généralistes,BBAG094 Zeisel,scMAE,scMAE,0.6915778760086706,0.8320026613439787,0.7488154918637718,0.772972972972973,0.5531593406593407,0.5555555555555555,0.4079239860378605
Méthodes généralistes,BBAG094 spleen,scMAE,scMAE,0.9195723061274058,0.958856783919598,0.717873800852001,0.7092391304347826,0.5394490254872564,0.0,0.5508830288905475
Méthodes généralistes,Baron human pancreas,scMAE,scMAE,0.7698534035042929,0.7307737192204458,0.6077221631109196,0.6155268022181146,0.5196274647016386,0.6949152542372882,0.4983273460197106
Méthodes généralistes,Human testis GSE112013,scMAE,scMAE,0.651134476247592,0.7203389830508474,0.731676946453528,0.8470343392299687,0.6566065297592392,0.0,0.6988296443165273
Méthodes généralistes,Kang PBMC,scMAE,scMAE,0.7791335568686983,0.7444019216676167,0.552269191096841,0.215625,0.1709401709401709,0.0432692307692307,0.5612853889732877
Méthodes généralistes,Macaque retina bipolar,scMAE,scMAE,0.8009215039657596,0.8129166391657316,0.7548199390978384,0.9146039603960396,0.7304074139527956,0.0,0.3820249376532039
Méthodes généralistes,Paul15 bone marrow,scMAE,scMAE,0.3855814252211918,0.5113553113553113,0.5512437200023189,0.4335511982570806,0.5825744794449247,0.7419354838709677,
Méthodes généralistes,Tabula Muris liver,scMAE,scMAE,0.4905798474289589,0.60265827212312,0.5178620727682129,0.1300448430493273,0.1933333333333333,,
Méthodes généralistes,BBAG094 Zeisel,scNAME,scNAME,0.6446862569069801,0.7791084497671324,0.7507558898946757,0.8756756756756757,0.6218079539508111,0.7037037037037037,0.3819747280121182
Méthodes généralistes,BBAG094 spleen,scNAME,scNAME,0.6891157731172967,0.8685092127303182,0.888179813188874,0.9130434782608696,0.8744422431641321,0.7857142857142857,0.6748795138601138
Méthodes généralistes,Baron human pancreas,scNAME,scNAME,0.708049479745054,0.7387093009686078,0.6055116704019524,0.8927911275415896,0.5232600421891216,0.4322033898305085,0.493452522405769
Méthodes généralistes,Human testis GSE112013,scNAME,scNAME,0.6310878412219612,0.7086286594761171,0.7232561936980036,0.8345473465140478,0.6471452962062567,0.0,0.6788287964074947
Méthodes généralistes,Kang PBMC,scNAME,scNAME,0.7514762274164204,0.74664115300057,0.4948445956151964,0.003125,0.0023148148148148,0.0,0.5453904486138368
Méthodes généralistes,Macaque retina bipolar,scNAME,scNAME,0.5560008671856864,0.6006864233383935,0.5568777370473196,0.6514026402640264,0.4897350896901163,0.0068027210884353,0.3658574137446598
Méthodes généralistes,Paul15 bone marrow,scNAME,scNAME,0.3592682758043509,0.4919413919413919,0.4849947148448927,0.4248366013071895,0.4503378485049415,0.032258064516129,
Méthodes généralistes,Tabula Muris liver,scNAME,scNAME,0.5891148190905894,0.7061909758656874,0.5269390136446822,0.2690582959641255,0.1910416666666667,,
Méthodes généralistes,BBAG094 Zeisel,scVI,scvi,0.5133594314543674,0.7162341982701265,0.6478258705197553,0.6270270270270271,0.4648940345368917,0.5555555555555556,0.4423447401311677
Méthodes généralistes,BBAG094 spleen,scVI,scvi,0.5720050774011771,0.7958542713567839,0.9125143151551725,0.9334239130434784,0.9618753123438282,1.0,0.8365897766791757
Méthodes généralistes,Baron human pancreas,scVI,scvi,0.6211343823250206,0.7116349632395845,0.6271309826707803,0.9177449168207024,0.5420885951420742,0.4661016949152542,0.6295033373683816
Méthodes généralistes,Human testis GSE112013,scVI,scvi,0.5938167523297926,0.725115562403698,0.747900678920652,0.9146722164412072,0.7069520970613951,0.0,0.7754604613797713
Méthodes généralistes,Kang PBMC,scVI,scvi,0.8047318184810032,0.8142903645833334,0.5239273572022959,0.1576506955177743,0.127400947459087,0.0372093023255813,0.6617871605130773
Méthodes généralistes,Macaque retina bipolar,scVI,scvi,0.9654759305347524,0.973467097881328,0.8909606003488132,0.9179042904290428,0.732801385865171,0.0,0.6828404179136567
Méthodes généralistes,Paul15 bone marrow,scVI,scvi,0.2831814817193258,0.4029304029304029,0.440183370089189,0.4989106753812636,0.4542713920404891,0.0,
Méthodes généralistes,Tabula Muris liver,scVI,scvi,0.5185440830144872,0.6876530255334032,0.5555620878652687,0.1300448430493273,0.1933333333333333,,
Correction batch,BBAG094 Zeisel,scRAW,scRAW (trial_0017),0.4301883295024661,0.6407185628742516,0.5695202861675058,0.6108108108108108,0.3942307692307692,0.5555555555555556,0.4000360971162749
Correction batch,BBAG094 spleen,scRAW,scRAW (trial_0017),0.8700744463231944,0.8291457286432161,0.7309318547414984,0.5285326086956522,0.7420385045572452,0.9761904761904762,0.7909291345199329
Correction batch,Baron human pancreas,scRAW,scRAW (trial_0017),0.9158965181979905,0.9337145524565292,0.8702221194567779,0.8955637707948244,0.837473323530332,0.8135593220338984,0.5749552605057935
Correction batch,Human testis GSE112013,scRAW,scRAW (trial_0017),0.6107002323051303,0.7178736517719568,0.7963247792238903,0.9667013527575442,0.89321124021709,0.6428571428571429,0.7303536766041685
Correction batch,Kang PBMC,scRAW,scRAW (trial_0017),0.5459843343891061,0.7057650028499308,0.5641141790530496,0.678125,0.7142094017094017,0.8173076923076923,0.6843171205513716
Correction batch,Macaque retina bipolar,scRAW,scRAW (trial_0017),0.9244654129213528,0.9366708468087916,0.914858085822702,0.957920792079208,0.9037712136460482,0.6802721088435374,0.6374791031394675
Correction batch,Paul15 bone marrow,scRAW,scRAW (trial_0017),0.2832245907007426,0.4161172161172161,0.3697830604541274,0.1263616557734204,0.2113500597371565,0.0,
Correction batch,Tabula Muris liver,scRAW,scRAW (trial_0017),0.6827909308919632,0.745715285064708,0.5921954950000582,0.3228699551569506,0.4,,
Correction batch,BBAG094 Zeisel,Harmony,Harmony,0.3877432473485119,0.6061210911510313,0.4941708484208739,0.4,0.2947409733124019,0.5555555555555556,0.2541259979715826
Correction batch,BBAG094 spleen,Harmony,Harmony,0.5179008566834543,0.6870812395309883,0.8313097042299045,0.9904891304347826,0.9877531472359058,0.9761904761904762,0.8111773863951631
Correction batch,Baron human pancreas,Harmony,Harmony,0.8506457118079013,0.8913525498891353,0.7545993782092808,0.8114602587800369,0.6640864066022861,0.788135593220339,0.7365166477963205
Correction batch,Human testis GSE112013,Harmony,Harmony,0.6523338776655068,0.7303543913713405,0.8132452063547618,0.9063475546305932,0.9129847638506812,0.9285714285714286,0.7969653197013047
Correction batch,Kang PBMC,Harmony,Harmony,0.773630664005735,0.7528483072916666,0.5918663568688751,0.3276661514683153,0.3808785529715762,0.5395348837209303,0.7261262096182571
Correction batch,Macaque retina bipolar,Harmony,Harmony,0.9412624306387202,0.9651178140056762,0.895961544594051,0.9245049504950495,0.7388904574471318,0.0068027210884353,0.6769074050934891
Correction batch,Paul15 bone marrow,Harmony,Harmony,0.3121015375122115,0.4721611721611721,0.4222518877112269,0.2265795206971677,0.2845632159673905,0.0,
Correction batch,Tabula Muris liver,Harmony,Harmony,0.5348378026118584,0.7093389296956978,0.5714676132181757,0.1345291479820627,0.2,,
Correction batch,BBAG094 Zeisel,ComBat,ComBat,0.0,0.3153692614770459,0.1,0.0,0.0,0.0,0.0578811186339024
Correction batch,BBAG094 spleen,ComBat,ComBat,0.5799446467814835,0.7329355108877722,0.8403386751616477,0.9782608695652174,0.9812876299945263,0.9761904761904762,0.7778388996631098
Correction batch,Baron human pancreas,ComBat,ComBat,0.6534719573482087,0.722488038277512,0.7105226460943281,0.8123844731977818,0.6645718172506352,0.788135593220339,0.565611491307011
Correction batch,Human testis GSE112013,ComBat,ComBat,0.5689312456945296,0.6419106317411403,0.6193556486257177,0.6129032258064516,0.4809246582645598,0.0,0.5622311952565553
Correction batch,Kang PBMC,ComBat,ComBat,0.7726902977217358,0.7529703776041666,0.592193029442718,0.3276661514683153,0.3820467269595177,0.5441860465116279,0.7261262096182571
Correction batch,Macaque retina bipolar,ComBat,ComBat,0.97082643273994,0.9850834928387564,0.9719081754748944,0.969059405940594,0.9443944502732472,0.8435374149659864,0.5964707251055555
Correction batch,Paul15 bone marrow,ComBat,ComBat,0.3131819439662315,0.4681318681318681,0.4443013260843063,0.3202614379084967,0.3548923137900946,0.0,
Correction batch,Tabula Muris liver,ComBat,ComBat,0.5543951034735616,0.7191325638335082,0.5733014570131655,0.1345291479820627,0.2,,
Correction batch,BBAG094 Zeisel,DESC,DESC,0.7522691340613057,0.8343313373253493,0.6647736723949901,0.4972972972972973,0.3406593406593407,0.5555555555555556,0.2916884237332118
Correction batch,BBAG094 spleen,DESC,DESC,0.3361022083228794,0.5180067001675042,0.5870449558549969,0.9334239130434784,0.6616379310344828,0.0,0.5420230178008654
Correction batch,Baron human pancreas,DESC,DESC,0.9182154796884484,0.9290465631929048,0.6222480414812186,0.7763401109057301,0.4418486225997963,0.4661016949152542,0.6966085416564778
Correction batch,Human testis GSE112013,DESC,DESC,0.668399343098342,0.8198767334360555,0.7924594091474122,0.8647242455775234,0.6699392100100228,0.0,0.7784449378644452
Correction batch,Kang PBMC,DESC,DESC,0.5329901729502926,0.643310546875,0.5655875305018493,0.2890262751159196,0.4348837209302325,0.8697674418604651,0.7952525456720301
Correction batch,Macaque retina bipolar,DESC,DESC,0.8048055878978411,0.8060524057817966,0.7553245466943022,0.9249174917491748,0.7382724264771939,0.0,0.6661431378497795
Correction batch,Paul15 bone marrow,DESC,DESC,0.2816923202460899,0.358974358974359,0.2958177487591906,0.130718954248366,0.2185185185185185,0.0,
Correction batch,Tabula Muris liver,DESC,DESC,0.700039269062976,0.757607555089192,0.444315213476802,0.0,0.0,,
Correction batch,BBAG094 Zeisel,Scanorama,Scanorama,0.6323066051146811,0.7904191616766467,0.6489228730178531,0.4864864864864865,0.3355572998430141,0.5555555555555556,0.3780963795935355
Correction batch,BBAG094 spleen,Scanorama,Scanorama,0.4483547162442923,0.6413316582914573,0.7656708987548877,0.7989130434782609,0.8936781609195402,1.0,0.5136106612659674
Correction batch,Baron human pancreas,Scanorama,Scanorama,0.620705451463,0.6865445209476018,0.6877896007074608,0.7384473197781886,0.6898361468801244,0.7542372881355932,0.53044876637796
Correction batch,Human testis GSE112013,Scanorama,Scanorama,0.4705710682053854,0.5624036979969184,0.6288233483812332,0.5993756503642039,0.6645358848868701,0.8571428571428571,0.6343596589136683
Correction batch,Kang PBMC,Scanorama,Scanorama,0.7821085126410068,0.7442626953125,0.535215168128151,0.1777434312210201,0.1564653316106804,0.0930232558139534,0.7261262096182571
Correction batch,Macaque retina bipolar,Scanorama,Scanorama,0.3508338377624355,0.3987195564649198,0.4594116351557107,0.6258250825082509,0.6434922350513355,0.7619047619047619,0.343598315990992
Correction batch,Paul15 bone marrow,Scanorama,Scanorama,0.3114619501326496,0.4725274725274725,0.4220902090046565,0.2265795206971677,0.2845632159673905,0.0,
Correction batch,Tabula Muris liver,Scanorama,Scanorama,0.5543951034735616,0.7191325638335082,0.5733014570131655,0.1345291479820627,0.2,,
Correction batch,BBAG094 Zeisel,scVI,scvi,0.5133594314543674,0.7162341982701265,0.6478258705197553,0.6270270270270271,0.4648940345368917,0.5555555555555556,0.4423447401311677
Correction batch,BBAG094 spleen,scVI,scvi,0.5720050774011771,0.7958542713567839,0.9125143151551725,0.9334239130434784,0.9618753123438282,1.0,0.8365897766791757
Correction batch,Baron human pancreas,scVI,scvi,0.6211343823250206,0.7116349632395845,0.6271309826707803,0.9177449168207024,0.5420885951420742,0.4661016949152542,0.6295033373683816
Correction batch,Human testis GSE112013,scVI,scvi,0.5938167523297926,0.725115562403698,0.747900678920652,0.9146722164412072,0.7069520970613951,0.0,0.7754604613797713
Correction batch,Kang PBMC,scVI,scvi,0.8047318184810032,0.8142903645833334,0.5239273572022959,0.1576506955177743,0.127400947459087,0.0372093023255813,0.6617871605130773
Correction batch,Macaque retina bipolar,scVI,scvi,0.9654759305347524,0.973467097881328,0.8909606003488132,0.9179042904290428,0.732801385865171,0.0,0.6828404179136567
Correction batch,Paul15 bone marrow,scVI,scvi,0.2831814817193258,0.4029304029304029,0.440183370089189,0.4989106753812636,0.4542713920404891,0.0,
Correction batch,Tabula Muris liver,scVI,scvi,0.5185440830144872,0.6876530255334032,0.5555620878652687,0.1300448430493273,0.1933333333333333,,
