dataset_key,dataset_label,algorithm,algorithm_label,split_key,train_groups,test_group,ACC,BalancedACC,ARI,NMI,RareACC,UltraRareACC,source,output_dir,BalancedACC_source_file,BalancedACC_source_key,BalancedRareACC
baron_human_pancreas,Baron pancreas,scraw,scRAW,batch,"human2,human3,human4",human1,0.91636551368095,0.7355946459335165,0.9474137804725348,0.8984725497486218,0.7137254901960784,0.5476190476190477,scraw_trial0017_exact_used_as_scraw_final,/data2/fbidet/scRAW_Inductif/results/inductive_scraw_trial0017_exact_all_datasets_20260507_145430/01_scraw_runs/baron_human_pancreas/h234_to_h1,/data2/fbidet/scRAW_Inductif/results/inductive_scraw_trial0017_exact_all_datasets_20260507_145430/01_scraw_runs/baron_human_pancreas/h234_to_h1/results/results.json,test_metrics.BalancedACC,0.612233589087809
baron_human_pancreas,Baron pancreas,scraw,scRAW,batch,"human1,human3,human4",human2,0.9112529002320184,0.7312298437813347,0.9262233564753164,0.9046665258823938,0.8725099601593626,0.7435897435897436,scraw_trial0017_exact_used_as_scraw_final,/data2/fbidet/scRAW_Inductif/results/inductive_scraw_trial0017_exact_all_datasets_20260507_145430/01_scraw_runs/baron_human_pancreas/h134_to_h2,/data2/fbidet/scRAW_Inductif/results/inductive_scraw_trial0017_exact_all_datasets_20260507_145430/01_scraw_runs/baron_human_pancreas/h134_to_h2/results/results.json,test_metrics.BalancedACC,0.6607843137254902
baron_human_pancreas,Baron pancreas,scraw,scRAW,batch,"human1,human2,human4",human3,0.9306518723994452,0.7512457552542884,0.911129691956252,0.8918061182629391,0.8336886993603412,0.8709677419354839,scraw_trial0017_exact_used_as_scraw_final,/data2/fbidet/scRAW_Inductif/results/inductive_scraw_trial0017_exact_all_datasets_20260507_145430/01_scraw_runs/baron_human_pancreas/h124_to_h3,/data2/fbidet/scRAW_Inductif/results/inductive_scraw_trial0017_exact_all_datasets_20260507_145430/01_scraw_runs/baron_human_pancreas/h124_to_h3/results/results.json,test_metrics.BalancedACC,0.6731884057971015
baron_human_pancreas,Baron pancreas,scraw,scRAW,batch,"human1,human2,human3",human4,0.8733691481197237,0.761312172824066,0.856040827725743,0.8654759193146896,0.5174825174825175,0.7857142857142857,scraw_trial0017_exact_used_as_scraw_final,/data2/fbidet/scRAW_Inductif/results/inductive_scraw_trial0017_exact_all_datasets_20260507_145430/01_scraw_runs/baron_human_pancreas/h123_to_h4,/data2/fbidet/scRAW_Inductif/results/inductive_scraw_trial0017_exact_all_datasets_20260507_145430/01_scraw_runs/baron_human_pancreas/h123_to_h4/results/results.json,test_metrics.BalancedACC,0.7
baron_human_pancreas,Baron pancreas,scname,scNAME,batch,"human2,human3,human4",human1,0.747031491998,0.595411902989,0.65276847283,0.816817631035,0.780392156863,0.309523809524,existing_baron_scrbenchmark_baselines,/data2/fbidet/scRAW_Inductif/results/scrbenchmark_inductive_default_baselines_gpu/scname_h234_to_h1,/data2/fbidet/scRAW_Inductif/results/scrbenchmark_inductive_default_baselines_gpu/scname_h234_to_h1/metrics.json,test_metrics.BalancedACC,0.4317084609763638
baron_human_pancreas,Baron pancreas,scname,scNAME,batch,"human1,human3,human4",human2,0.715777262181,0.628090356476,0.677768696503,0.784766346872,0.557768924303,0.641025641026,existing_baron_scrbenchmark_baselines,/data2/fbidet/scRAW_Inductif/results/scrbenchmark_inductive_default_baselines_gpu/scname_h134_to_h2,/data2/fbidet/scRAW_Inductif/results/scrbenchmark_inductive_default_baselines_gpu/scname_h134_to_h2/metrics.json,test_metrics.BalancedACC,0.5700633788869083
baron_human_pancreas,Baron pancreas,scname,scNAME,batch,"human1,human2,human4",human3,0.836893203883,0.609673731566,0.787691320249,0.834368086515,0.869936034115,0.693548387097,existing_baron_scrbenchmark_baselines,/data2/fbidet/scRAW_Inductif/results/scrbenchmark_inductive_default_baselines_gpu/scname_h124_to_h3,/data2/fbidet/scRAW_Inductif/results/scrbenchmark_inductive_default_baselines_gpu/scname_h124_to_h3/metrics.json,test_metrics.BalancedACC,0.5212707614446744
baron_human_pancreas,Baron pancreas,scname,scNAME,batch,"human1,human2,human3",human4,0.595548733691,0.57329836669,0.518515373579,0.771305795194,0.839160839161,0.714285714286,existing_baron_scrbenchmark_baselines,/data2/fbidet/scRAW_Inductif/results/scrbenchmark_inductive_default_baselines_gpu/scname_h123_to_h4,/data2/fbidet/scRAW_Inductif/results/scrbenchmark_inductive_default_baselines_gpu/scname_h123_to_h4/metrics.json,test_metrics.BalancedACC,0.5411538461538462
baron_human_pancreas,Baron pancreas,sc_mae,scMAE,batch,"human2,human3,human4",human1,0.850800206505,0.570191837185,0.908948965916,0.861749150213,0.556862745098,0.380952380952,existing_baron_scrbenchmark_baselines,/data2/fbidet/scRAW_Inductif/results/scrbenchmark_inductive_default_baselines_gpu/sc_mae_h234_to_h1,/data2/fbidet/scRAW_Inductif/results/scrbenchmark_inductive_default_baselines_gpu/sc_mae_h234_to_h1/metrics.json,test_metrics.BalancedACC,0.3700447570332481
baron_human_pancreas,Baron pancreas,sc_mae,scMAE,batch,"human1,human3,human4",human2,0.812064965197,0.7025266899,0.848515357208,0.849977168081,0.617529880478,0.820512820513,existing_baron_scrbenchmark_baselines,/data2/fbidet/scRAW_Inductif/results/scrbenchmark_inductive_default_baselines_gpu/sc_mae_h134_to_h2,/data2/fbidet/scRAW_Inductif/results/scrbenchmark_inductive_default_baselines_gpu/sc_mae_h134_to_h2/metrics.json,test_metrics.BalancedACC,0.6504588367333466
baron_human_pancreas,Baron pancreas,sc_mae,scMAE,batch,"human1,human2,human4",human3,0.905963938974,0.7356647877,0.862826092003,0.854777004374,0.837953091684,0.354838709677,existing_baron_scrbenchmark_baselines,/data2/fbidet/scRAW_Inductif/results/scrbenchmark_inductive_default_baselines_gpu/sc_mae_h124_to_h3,/data2/fbidet/scRAW_Inductif/results/scrbenchmark_inductive_default_baselines_gpu/sc_mae_h124_to_h3/metrics.json,test_metrics.BalancedACC,0.6654789510006902
baron_human_pancreas,Baron pancreas,sc_mae,scMAE,batch,"human1,human2,human3",human4,0.805832693784,0.680856458051,0.833887192496,0.831390847339,0.482517482517,0.857142857143,existing_baron_scrbenchmark_baselines,/data2/fbidet/scRAW_Inductif/results/scrbenchmark_inductive_default_baselines_gpu/sc_mae_h123_to_h4,/data2/fbidet/scRAW_Inductif/results/scrbenchmark_inductive_default_baselines_gpu/sc_mae_h123_to_h4/metrics.json,test_metrics.BalancedACC,0.6162026862026861
baron_human_pancreas,Baron pancreas,scdeepcluster,scDeepCluster,batch,"human2,human3,human4",human1,0.709344346928,0.660633033219,0.628367140725,0.832880861412,0.858823529412,0.404761904762,existing_baron_scrbenchmark_baselines,/data2/fbidet/scRAW_Inductif/results/scrbenchmark_inductive_default_baselines_gpu/scdeepcluster_h234_to_h1,/data2/fbidet/scRAW_Inductif/results/scrbenchmark_inductive_default_baselines_gpu/scdeepcluster_h234_to_h1/metrics.json,test_metrics.BalancedACC,0.5545929241261722
baron_human_pancreas,Baron pancreas,scdeepcluster,scDeepCluster,batch,"human1,human3,human4",human2,0.803364269142,0.628034222778,0.847487661653,0.85341400727,0.892430278884,0.487179487179,existing_baron_scrbenchmark_baselines,/data2/fbidet/scRAW_Inductif/results/scrbenchmark_inductive_default_baselines_gpu/scdeepcluster_h134_to_h2,/data2/fbidet/scRAW_Inductif/results/scrbenchmark_inductive_default_baselines_gpu/scdeepcluster_h134_to_h2/metrics.json,test_metrics.BalancedACC,0.5689212385290816
baron_human_pancreas,Baron pancreas,scdeepcluster,scDeepCluster,batch,"human1,human2,human4",human3,0.810540915395,0.608269818215,0.759648998661,0.8207269954,0.880597014925,0.741935483871,existing_baron_scrbenchmark_baselines,/data2/fbidet/scRAW_Inductif/results/scrbenchmark_inductive_default_baselines_gpu/scdeepcluster_h124_to_h3,/data2/fbidet/scRAW_Inductif/results/scrbenchmark_inductive_default_baselines_gpu/scdeepcluster_h124_to_h3/metrics.json,test_metrics.BalancedACC,0.541404876926616
baron_human_pancreas,Baron pancreas,scdeepcluster,scDeepCluster,batch,"human1,human2,human3",human4,0.580966999233,0.53357070459,0.5745896434,0.763884657038,0.34965034965,0.821428571429,existing_baron_scrbenchmark_baselines,/data2/fbidet/scRAW_Inductif/results/scrbenchmark_inductive_default_baselines_gpu/scdeepcluster_h123_to_h4,/data2/fbidet/scRAW_Inductif/results/scrbenchmark_inductive_default_baselines_gpu/scdeepcluster_h123_to_h4/metrics.json,test_metrics.BalancedACC,0.4819230769230769
baron_human_pancreas,Baron pancreas,scaide,scAIDE,batch,"human2,human3,human4",human1,0.7165720185854414,0.5932134103949639,0.6506827599827093,0.839430314664585,0.8313725490196079,0.3333333333333333,inductive_section5_added_methods_20260529,/data2/fbidet/scRAW_Inductif/results/inductive_section5_added_methods_20260529/01_runs/baron_human_pancreas/h234_to_h1/scaide/human1,/data2/fbidet/scRAW_Inductif/results/inductive_section5_added_methods_20260529/01_runs/baron_human_pancreas/h234_to_h1/scaide/human1/metrics.json,metrics.BalancedACC,0.4663233771769577
baron_human_pancreas,Baron pancreas,scaide,scAIDE,batch,"human1,human3,human4",human2,0.8526682134570766,0.7125953966627725,0.8993204555373604,0.8791896147923908,0.6135458167330677,0.7948717948717948,inductive_section5_added_methods_20260529,/data2/fbidet/scRAW_Inductif/results/inductive_section5_added_methods_20260529/01_runs/baron_human_pancreas/h134_to_h2/scaide/human2,/data2/fbidet/scRAW_Inductif/results/inductive_section5_added_methods_20260529/01_runs/baron_human_pancreas/h134_to_h2/scaide/human2/metrics.json,metrics.BalancedACC,0.6478873704363901
baron_human_pancreas,Baron pancreas,scaide,scAIDE,batch,"human1,human2,human4",human3,0.9558945908460472,0.8125975372442511,0.9456707704926828,0.9159446021624024,0.9211087420042644,0.9032258064516128,inductive_section5_added_methods_20260529,/data2/fbidet/scRAW_Inductif/results/inductive_section5_added_methods_20260529/01_runs/baron_human_pancreas/h124_to_h3/scaide/human3,/data2/fbidet/scRAW_Inductif/results/inductive_section5_added_methods_20260529/01_runs/baron_human_pancreas/h124_to_h3/scaide/human3/metrics.json,metrics.BalancedACC,0.7589629629629628
baron_human_pancreas,Baron pancreas,scaide,scAIDE,batch,"human1,human2,human3",human4,0.7958557175748273,0.6737899347676825,0.8309400471944451,0.8322951450292825,0.4615384615384615,0.8571428571428571,inductive_section5_added_methods_20260529,/data2/fbidet/scRAW_Inductif/results/inductive_section5_added_methods_20260529/01_runs/baron_human_pancreas/h123_to_h4/scaide/human4,/data2/fbidet/scRAW_Inductif/results/inductive_section5_added_methods_20260529/01_runs/baron_human_pancreas/h123_to_h4/scaide/human4/metrics.json,metrics.BalancedACC,0.6104334554334554
baron_human_pancreas,Baron pancreas,scvi,scVI,batch,"human2,human3,human4",human1,0.5384615384615384,0.4248921440163805,0.464903617523056,0.7427398773112639,0.611764705882353,0.0238095238095238,inductive_section5_added_methods_20260529,/data2/fbidet/scRAW_Inductif/results/inductive_section5_added_methods_20260529/01_runs/baron_human_pancreas/h234_to_h1/scvi/human1,/data2/fbidet/scRAW_Inductif/results/inductive_section5_added_methods_20260529/01_runs/baron_human_pancreas/h234_to_h1/scvi/human1/metrics.json,metrics.BalancedACC,0.2650621118012423
baron_human_pancreas,Baron pancreas,scvi,scVI,batch,"human1,human3,human4",human2,0.6305104408352669,0.5347157194341886,0.5826308995394548,0.762586264043622,0.7609561752988048,0.4615384615384615,inductive_section5_added_methods_20260529,/data2/fbidet/scRAW_Inductif/results/inductive_section5_added_methods_20260529/01_runs/baron_human_pancreas/h134_to_h2/scvi/human2,/data2/fbidet/scRAW_Inductif/results/inductive_section5_added_methods_20260529/01_runs/baron_human_pancreas/h134_to_h2/scvi/human2/metrics.json,metrics.BalancedACC,0.485045038568106
baron_human_pancreas,Baron pancreas,scvi,scVI,batch,"human1,human2,human4",human3,0.6013869625520111,0.4443521680591072,0.5765992513669324,0.7296509786704811,0.5948827292110874,0.5483870967741935,inductive_section5_added_methods_20260529,/data2/fbidet/scRAW_Inductif/results/inductive_section5_added_methods_20260529/01_runs/baron_human_pancreas/h124_to_h3/scvi/human3,/data2/fbidet/scRAW_Inductif/results/inductive_section5_added_methods_20260529/01_runs/baron_human_pancreas/h124_to_h3/scvi/human3/metrics.json,metrics.BalancedACC,0.375634460547504
baron_human_pancreas,Baron pancreas,scvi,scVI,batch,"human1,human2,human3",human4,0.646968534151957,0.5234749262343042,0.569774032806588,0.7743825277301972,0.9090909090909092,0.6785714285714286,inductive_section5_added_methods_20260529,/data2/fbidet/scRAW_Inductif/results/inductive_section5_added_methods_20260529/01_runs/baron_human_pancreas/h123_to_h4/scvi/human4,/data2/fbidet/scRAW_Inductif/results/inductive_section5_added_methods_20260529/01_runs/baron_human_pancreas/h123_to_h4/scvi/human4/metrics.json,metrics.BalancedACC,0.4626434676434677
bbag094_spleen,BBAG094 spleen,scraw,scRAW,batch,3-F-56,3-M-8,0.9177086362314626,0.8249926310312349,0.894023652669759,0.7833137616878475,0.971153846153846,0.95,scraw_trial0017_exact_used_as_scraw_final,/data2/fbidet/scRAW_Inductif/results/inductive_scraw_trial0017_exact_all_datasets_20260507_145430/01_scraw_runs/bbag094_spleen/scraw/3-M-8,/data2/fbidet/scRAW_Inductif/results/inductive_scraw_trial0017_exact_all_datasets_20260507_145430/01_scraw_runs/bbag094_spleen/scraw/3-M-8/metrics.json,metrics.BalancedACC,0.963095238095238
bbag094_spleen,BBAG094 spleen,scname,scNAME,batch,3-F-56,3-M-8,0.858679848793,0.849461877939,0.669368710262,0.711648667695,0.884615384615,0.6,new_run,/data2/fbidet/scRAW_Inductif/results/inductive_multidataset_top4_representative_20260428/01_new_runs/bbag094_spleen/scname/3-M-8,/data2/fbidet/scRAW_Inductif/results/inductive_multidataset_top4_representative_20260428/01_new_runs/bbag094_spleen/scname/3-M-8/metrics.json,metrics.BalancedACC,0.7761904761904761
bbag094_spleen,BBAG094 spleen,sc_mae,scMAE,batch,3-F-56,3-M-8,0.772317534167,0.71370401094,0.5645200476,0.698926183237,0.807692307692,0.0,new_run,/data2/fbidet/scRAW_Inductif/results/inductive_multidataset_top4_representative_20260428/01_new_runs/bbag094_spleen/sc_mae/3-M-8,/data2/fbidet/scRAW_Inductif/results/inductive_multidataset_top4_representative_20260428/01_new_runs/bbag094_spleen/sc_mae/3-M-8/metrics.json,metrics.BalancedACC,0.5
bbag094_spleen,BBAG094 spleen,scdeepcluster,scDeepCluster,batch,3-F-56,3-M-8,0.597557429485,0.649278145697,0.416966362408,0.589866552086,0.817307692308,0.05,new_run,/data2/fbidet/scRAW_Inductif/results/inductive_multidataset_top4_representative_20260428/01_new_runs/bbag094_spleen/scdeepcluster/3-M-8,/data2/fbidet/scRAW_Inductif/results/inductive_multidataset_top4_representative_20260428/01_new_runs/bbag094_spleen/scdeepcluster/3-M-8/metrics.json,metrics.BalancedACC,0.525
bbag094_spleen,BBAG094 spleen,scaide,scAIDE,batch,3-F-56,3-M-8,0.943297470194824,0.74145980898027,0.9429487906132052,0.864976808462805,0.7980769230769231,0.0,inductive_section5_added_methods_20260529,/data2/fbidet/scRAW_Inductif/results/inductive_section5_added_methods_20260529/01_runs/bbag094_spleen/scaide/3-M-8,/data2/fbidet/scRAW_Inductif/results/inductive_section5_added_methods_20260529/01_runs/bbag094_spleen/scaide/3-M-8/metrics.json,metrics.BalancedACC,0.494047619047619
bbag094_spleen,BBAG094 spleen,scvi,scVI,batch,3-F-56,3-M-8,0.3634777551613841,0.2866263437129278,0.0034684983110352,0.0350663992037492,0.2307692307692307,0.0,inductive_section5_added_methods_20260529,/data2/fbidet/scRAW_Inductif/results/inductive_section5_added_methods_20260529/01_runs/bbag094_spleen/scvi/3-M-8,/data2/fbidet/scRAW_Inductif/results/inductive_section5_added_methods_20260529/01_runs/bbag094_spleen/scvi/3-M-8/metrics.json,metrics.BalancedACC,0.1428571428571428
gse112013_human_testis_raw_counts,Human testis,scraw,scRAW,batch,"Donor1_scRNA-seq_rep1,Donor1_scRNA-seq_rep2,Donor2_scRNA-seq_rep1,Donor2_scRNA-seq_rep2",Donor3_scRNA-seq_rep1,0.6747311827956989,0.7904012378722408,0.5877958776952993,0.8076885375226908,0.8341463414634146,1.0,scraw_trial0017_exact_used_as_scraw_final,/data2/fbidet/scRAW_Inductif/results/inductive_scraw_trial0017_exact_all_datasets_20260507_145430/01_scraw_runs/gse112013_human_testis_raw_counts/scraw/Donor3_scRNA-seq_rep1,/data2/fbidet/scRAW_Inductif/results/inductive_scraw_trial0017_exact_all_datasets_20260507_145430/01_scraw_runs/gse112013_human_testis_raw_counts/scraw/Donor3_scRNA-seq_rep1/metrics.json,metrics.BalancedACC,0.876104797979798
gse112013_human_testis_raw_counts,Human testis,scraw,scRAW,batch,"Donor1_scRNA-seq_rep1,Donor1_scRNA-seq_rep2,Donor2_scRNA-seq_rep1,Donor2_scRNA-seq_rep2",Donor3_scRNA-seq_rep2,0.6625441696113075,0.809282786783454,0.5735863254892055,0.7968438935895165,1.0,1.0,scraw_trial0017_exact_used_as_scraw_final,/data2/fbidet/scRAW_Inductif/results/inductive_scraw_trial0017_exact_all_datasets_20260507_145430/01_scraw_runs/gse112013_human_testis_raw_counts/scraw/Donor3_scRNA-seq_rep2,/data2/fbidet/scRAW_Inductif/results/inductive_scraw_trial0017_exact_all_datasets_20260507_145430/01_scraw_runs/gse112013_human_testis_raw_counts/scraw/Donor3_scRNA-seq_rep2/metrics.json,metrics.BalancedACC,1.0
gse112013_human_testis_raw_counts,Human testis,scname,scNAME,batch,"Donor1_scRNA-seq_rep1,Donor1_scRNA-seq_rep2,Donor2_scRNA-seq_rep1,Donor2_scRNA-seq_rep2",Donor3_scRNA-seq_rep1,0.674731182796,0.72841759987,0.583353829923,0.812658319394,0.863414634146,0.0,new_run,/data2/fbidet/scRAW_Inductif/results/inductive_multidataset_top4_representative_20260428/01_new_runs/gse112013_human_testis_raw_counts/scname/Donor3_scRNA-seq_rep1,/data2/fbidet/scRAW_Inductif/results/inductive_multidataset_top4_representative_20260428/01_new_runs/gse112013_human_testis_raw_counts/scname/Donor3_scRNA-seq_rep1/metrics.json,metrics.BalancedACC,0.7572422595520422
gse112013_human_testis_raw_counts,Human testis,scname,scNAME,batch,"Donor1_scRNA-seq_rep1,Donor1_scRNA-seq_rep2,Donor2_scRNA-seq_rep1,Donor2_scRNA-seq_rep2",Donor3_scRNA-seq_rep2,0.657243816254,0.734145309093,0.566448149555,0.796523588728,0.983146067416,0.7,new_run,/data2/fbidet/scRAW_Inductif/results/inductive_multidataset_top4_representative_20260428/01_new_runs/gse112013_human_testis_raw_counts/scname/Donor3_scRNA-seq_rep2,/data2/fbidet/scRAW_Inductif/results/inductive_multidataset_top4_representative_20260428/01_new_runs/gse112013_human_testis_raw_counts/scname/Donor3_scRNA-seq_rep2/metrics.json,metrics.BalancedACC,0.8333333333333334
gse112013_human_testis_raw_counts,Human testis,sc_mae,scMAE,batch,"Donor1_scRNA-seq_rep1,Donor1_scRNA-seq_rep2,Donor2_scRNA-seq_rep1,Donor2_scRNA-seq_rep2",Donor3_scRNA-seq_rep1,0.693548387097,0.791173858494,0.60920100299,0.814045027767,0.882926829268,0.75,new_run,/data2/fbidet/scRAW_Inductif/results/inductive_multidataset_top4_representative_20260428/01_new_runs/gse112013_human_testis_raw_counts/sc_mae/Donor3_scRNA-seq_rep1,/data2/fbidet/scRAW_Inductif/results/inductive_multidataset_top4_representative_20260428/01_new_runs/gse112013_human_testis_raw_counts/sc_mae/Donor3_scRNA-seq_rep1/metrics.json,metrics.BalancedACC,0.8712295051968965
gse112013_human_testis_raw_counts,Human testis,sc_mae,scMAE,batch,"Donor1_scRNA-seq_rep1,Donor1_scRNA-seq_rep2,Donor2_scRNA-seq_rep1,Donor2_scRNA-seq_rep2",Donor3_scRNA-seq_rep2,0.663427561837,0.804465274871,0.576131629804,0.785375429809,0.994382022472,1.0,new_run,/data2/fbidet/scRAW_Inductif/results/inductive_multidataset_top4_representative_20260428/01_new_runs/gse112013_human_testis_raw_counts/sc_mae/Donor3_scRNA-seq_rep2,/data2/fbidet/scRAW_Inductif/results/inductive_multidataset_top4_representative_20260428/01_new_runs/gse112013_human_testis_raw_counts/sc_mae/Donor3_scRNA-seq_rep2/metrics.json,metrics.BalancedACC,0.9967948717948718
gse112013_human_testis_raw_counts,Human testis,scdeepcluster,scDeepCluster,batch,"Donor1_scRNA-seq_rep1,Donor1_scRNA-seq_rep2,Donor2_scRNA-seq_rep1,Donor2_scRNA-seq_rep2",Donor3_scRNA-seq_rep1,0.758064516129,0.76150880173,0.61116264174,0.812672846555,0.839024390244,0.0,new_run,/data2/fbidet/scRAW_Inductif/results/inductive_multidataset_top4_representative_20260428/01_new_runs/gse112013_human_testis_raw_counts/scdeepcluster/Donor3_scRNA-seq_rep1,/data2/fbidet/scRAW_Inductif/results/inductive_multidataset_top4_representative_20260428/01_new_runs/gse112013_human_testis_raw_counts/scdeepcluster/Donor3_scRNA-seq_rep1/metrics.json,metrics.BalancedACC,0.7399127140974967
gse112013_human_testis_raw_counts,Human testis,scdeepcluster,scDeepCluster,batch,"Donor1_scRNA-seq_rep1,Donor1_scRNA-seq_rep2,Donor2_scRNA-seq_rep1,Donor2_scRNA-seq_rep2",Donor3_scRNA-seq_rep2,0.73851590106,0.762424094962,0.583307546448,0.79085243663,0.983146067416,0.7,new_run,/data2/fbidet/scRAW_Inductif/results/inductive_multidataset_top4_representative_20260428/01_new_runs/gse112013_human_testis_raw_counts/scdeepcluster/Donor3_scRNA-seq_rep2,/data2/fbidet/scRAW_Inductif/results/inductive_multidataset_top4_representative_20260428/01_new_runs/gse112013_human_testis_raw_counts/scdeepcluster/Donor3_scRNA-seq_rep2/metrics.json,metrics.BalancedACC,0.8333333333333334
gse112013_human_testis_raw_counts,Human testis,scaide,scAIDE,batch,"Donor1_scRNA-seq_rep1,Donor1_scRNA-seq_rep2,Donor2_scRNA-seq_rep1,Donor2_scRNA-seq_rep2",Donor3_scRNA-seq_rep1,0.6899641577060932,0.7767098958334722,0.5770367081261278,0.8023617208149088,0.8292682926829268,0.75,inductive_section5_added_methods_20260529,/data2/fbidet/scRAW_Inductif/results/inductive_section5_added_methods_20260529/01_runs/gse112013_human_testis_raw_counts/scaide/Donor3_scRNA-seq_rep1,/data2/fbidet/scRAW_Inductif/results/inductive_section5_added_methods_20260529/01_runs/gse112013_human_testis_raw_counts/scaide/Donor3_scRNA-seq_rep1/metrics.json,metrics.BalancedACC,0.8326594751866491
gse112013_human_testis_raw_counts,Human testis,scaide,scAIDE,batch,"Donor1_scRNA-seq_rep1,Donor1_scRNA-seq_rep2,Donor2_scRNA-seq_rep1,Donor2_scRNA-seq_rep2",Donor3_scRNA-seq_rep2,0.6784452296819788,0.8144503648654696,0.5572188105239926,0.78996673559845,0.99438202247191,1.0,inductive_section5_added_methods_20260529,/data2/fbidet/scRAW_Inductif/results/inductive_section5_added_methods_20260529/01_runs/gse112013_human_testis_raw_counts/scaide/Donor3_scRNA-seq_rep2,/data2/fbidet/scRAW_Inductif/results/inductive_section5_added_methods_20260529/01_runs/gse112013_human_testis_raw_counts/scaide/Donor3_scRNA-seq_rep2/metrics.json,metrics.BalancedACC,0.9967948717948718
gse112013_human_testis_raw_counts,Human testis,scvi,scVI,batch,"Donor1_scRNA-seq_rep1,Donor1_scRNA-seq_rep2,Donor2_scRNA-seq_rep1,Donor2_scRNA-seq_rep2",Donor3_scRNA-seq_rep1,0.7903225806451613,0.7787237479943026,0.6484834180256984,0.8110790539479894,0.8829268292682927,0.0,inductive_section5_added_methods_20260529,/data2/fbidet/scRAW_Inductif/results/inductive_section5_added_methods_20260529/01_runs/gse112013_human_testis_raw_counts/scvi/Donor3_scRNA-seq_rep1,/data2/fbidet/scRAW_Inductif/results/inductive_section5_added_methods_20260529/01_runs/gse112013_human_testis_raw_counts/scvi/Donor3_scRNA-seq_rep1/metrics.json,metrics.BalancedACC,0.7544244986092812
gse112013_human_testis_raw_counts,Human testis,scvi,scVI,batch,"Donor1_scRNA-seq_rep1,Donor1_scRNA-seq_rep2,Donor2_scRNA-seq_rep1,Donor2_scRNA-seq_rep2",Donor3_scRNA-seq_rep2,0.7729681978798587,0.7528978359155627,0.6153475188791627,0.7855347974098941,0.9382022471910112,0.4,inductive_section5_added_methods_20260529,/data2/fbidet/scRAW_Inductif/results/inductive_section5_added_methods_20260529/01_runs/gse112013_human_testis_raw_counts/scvi/Donor3_scRNA-seq_rep2,/data2/fbidet/scRAW_Inductif/results/inductive_section5_added_methods_20260529/01_runs/gse112013_human_testis_raw_counts/scvi/Donor3_scRNA-seq_rep2/metrics.json,metrics.BalancedACC,0.7449175824175823
kang_pbmc_gse96583_singlets_raw_counts,Kang PBMC,scraw,scRAW,donor,"1015_ctrl,1015_stim,1488_ctrl,1488_stim,1256_ctrl,1256_stim,1016_ctrl,1016_stim,1244_ctrl,1244_stim,101_ctrl,101_stim",1039,0.7691532258064516,0.6293759030894934,0.6745911670429473,0.7147253395968526,0.3292682926829268,,scraw_trial0017_exact_used_as_scraw_final,/data2/fbidet/scRAW_Inductif/results/inductive_scraw_trial0017_exact_all_datasets_20260507_145430/01_scraw_runs/kang_pbmc_gse96583_singlets_raw_counts/scraw/1039,/data2/fbidet/scRAW_Inductif/results/inductive_scraw_trial0017_exact_all_datasets_20260507_145430/01_scraw_runs/kang_pbmc_gse96583_singlets_raw_counts/scraw/1039/metrics.json,metrics.BalancedACC,0.4495934959349594
kang_pbmc_gse96583_singlets_raw_counts,Kang PBMC,scraw,scRAW,donor,"1015_ctrl,1015_stim,1488_ctrl,1488_stim,1256_ctrl,1256_stim,1016_ctrl,1016_stim,1244_ctrl,1244_stim,101_ctrl,101_stim",107,0.8262955854126679,0.6110567888184166,0.7406200483494934,0.7541835952149676,0.208955223880597,0.9,scraw_trial0017_exact_used_as_scraw_final,/data2/fbidet/scRAW_Inductif/results/inductive_scraw_trial0017_exact_all_datasets_20260507_145430/01_scraw_runs/kang_pbmc_gse96583_singlets_raw_counts/scraw/107,/data2/fbidet/scRAW_Inductif/results/inductive_scraw_trial0017_exact_all_datasets_20260507_145430/01_scraw_runs/kang_pbmc_gse96583_singlets_raw_counts/scraw/107/metrics.json,metrics.BalancedACC,0.3588744588744588
kang_pbmc_gse96583_singlets_raw_counts,Kang PBMC,scname,scNAME,donor,"1015_ctrl,1015_stim,1488_ctrl,1488_stim,1256_ctrl,1256_stim,1016_ctrl,1016_stim,1244_ctrl,1244_stim,101_ctrl,101_stim",1039,0.73185483871,0.483073888308,0.721610564917,0.681529223996,0.487804878049,,existing_kang_shared_train_trial_0017,/data2/fbidet/scRAW_Inductif/results/shared_train_kang_pbmc_trial0017_12train_samples_2test_donors_4algos_gpu/scname/1039,/data2/fbidet/scRAW_Inductif/results/shared_train_kang_pbmc_trial0017_12train_samples_2test_donors_4algos_gpu/scname/1039/metrics.json,metrics.BalancedACC,0.3439649781113196
kang_pbmc_gse96583_singlets_raw_counts,Kang PBMC,scname,scNAME,donor,"1015_ctrl,1015_stim,1488_ctrl,1488_stim,1256_ctrl,1256_stim,1016_ctrl,1016_stim,1244_ctrl,1244_stim,101_ctrl,101_stim",107,0.720729366603,0.510264245775,0.677260339021,0.725647962837,0.134328358209,0.0,existing_kang_shared_train_trial_0017,/data2/fbidet/scRAW_Inductif/results/shared_train_kang_pbmc_trial0017_12train_samples_2test_donors_4algos_gpu/scname/107,/data2/fbidet/scRAW_Inductif/results/shared_train_kang_pbmc_trial0017_12train_samples_2test_donors_4algos_gpu/scname/107/metrics.json,metrics.BalancedACC,0.1363636363636363
kang_pbmc_gse96583_singlets_raw_counts,Kang PBMC,sc_mae,scMAE,donor,"1015_ctrl,1015_stim,1488_ctrl,1488_stim,1256_ctrl,1256_stim,1016_ctrl,1016_stim,1244_ctrl,1244_stim,101_ctrl,101_stim",1039,0.706653225806,0.568507876822,0.659870583561,0.672591041695,0.207317073171,,existing_kang_shared_train_trial_0017,/data2/fbidet/scRAW_Inductif/results/shared_train_kang_pbmc_trial0017_12train_samples_2test_donors_4algos_gpu/sc_mae/1039,/data2/fbidet/scRAW_Inductif/results/shared_train_kang_pbmc_trial0017_12train_samples_2test_donors_4algos_gpu/sc_mae/1039/metrics.json,metrics.BalancedACC,0.2555555555555555
kang_pbmc_gse96583_singlets_raw_counts,Kang PBMC,sc_mae,scMAE,donor,"1015_ctrl,1015_stim,1488_ctrl,1488_stim,1256_ctrl,1256_stim,1016_ctrl,1016_stim,1244_ctrl,1244_stim,101_ctrl,101_stim",107,0.70537428023,0.560601177128,0.608447776661,0.678085748318,0.119402985075,0.4,existing_kang_shared_train_trial_0017,/data2/fbidet/scRAW_Inductif/results/shared_train_kang_pbmc_trial0017_12train_samples_2test_donors_4algos_gpu/sc_mae/107,/data2/fbidet/scRAW_Inductif/results/shared_train_kang_pbmc_trial0017_12train_samples_2test_donors_4algos_gpu/sc_mae/107/metrics.json,metrics.BalancedACC,0.1826839826839827
kang_pbmc_gse96583_singlets_raw_counts,Kang PBMC,scdeepcluster,scDeepCluster,donor,"1015_ctrl,1015_stim,1488_ctrl,1488_stim,1256_ctrl,1256_stim,1016_ctrl,1016_stim,1244_ctrl,1244_stim,101_ctrl,101_stim",1039,0.565524193548,0.514875802046,0.419724284729,0.60141020726,0.59756097561,,existing_kang_shared_train_trial_0017,/data2/fbidet/scRAW_Inductif/results/shared_train_kang_pbmc_trial0017_12train_samples_2test_donors_4algos_gpu/scdeepcluster/1039,/data2/fbidet/scRAW_Inductif/results/shared_train_kang_pbmc_trial0017_12train_samples_2test_donors_4algos_gpu/scdeepcluster/1039/metrics.json,metrics.BalancedACC,0.5252032520325204
kang_pbmc_gse96583_singlets_raw_counts,Kang PBMC,scdeepcluster,scDeepCluster,donor,"1015_ctrl,1015_stim,1488_ctrl,1488_stim,1256_ctrl,1256_stim,1016_ctrl,1016_stim,1244_ctrl,1244_stim,101_ctrl,101_stim",107,0.617082533589,0.524355053644,0.495864280854,0.651451517754,0.0746268656716,0.5,existing_kang_shared_train_trial_0017,/data2/fbidet/scRAW_Inductif/results/shared_train_kang_pbmc_trial0017_12train_samples_2test_donors_4algos_gpu/scdeepcluster/107,/data2/fbidet/scRAW_Inductif/results/shared_train_kang_pbmc_trial0017_12train_samples_2test_donors_4algos_gpu/scdeepcluster/107/metrics.json,metrics.BalancedACC,0.1666666666666666
kang_pbmc_gse96583_singlets_raw_counts,Kang PBMC,scaide,scAIDE,donor,"1015_ctrl,1015_stim,1488_ctrl,1488_stim,1256_ctrl,1256_stim,1016_ctrl,1016_stim,1244_ctrl,1244_stim,101_ctrl,101_stim",1039,0.7106854838709677,0.5678823305078722,0.7125400878956525,0.6911350443689344,0.6585365853658537,,inductive_section5_added_methods_20260529,/data2/fbidet/scRAW_Inductif/results/inductive_section5_added_methods_20260529/01_runs/kang_pbmc_gse96583_singlets_raw_counts/scaide/1039,/data2/fbidet/scRAW_Inductif/results/inductive_section5_added_methods_20260529/01_runs/kang_pbmc_gse96583_singlets_raw_counts/scaide/1039/metrics.json,metrics.BalancedACC,0.5705023973316656
kang_pbmc_gse96583_singlets_raw_counts,Kang PBMC,scaide,scAIDE,donor,"1015_ctrl,1015_stim,1488_ctrl,1488_stim,1256_ctrl,1256_stim,1016_ctrl,1016_stim,1244_ctrl,1244_stim,101_ctrl,101_stim",107,0.7092130518234165,0.5496700247594007,0.6756726019280256,0.7269158696420523,0.1641791044776119,0.3,inductive_section5_added_methods_20260529,/data2/fbidet/scRAW_Inductif/results/inductive_section5_added_methods_20260529/01_runs/kang_pbmc_gse96583_singlets_raw_counts/scaide/107,/data2/fbidet/scRAW_Inductif/results/inductive_section5_added_methods_20260529/01_runs/kang_pbmc_gse96583_singlets_raw_counts/scaide/107/metrics.json,metrics.BalancedACC,0.2212121212121212
kang_pbmc_gse96583_singlets_raw_counts,Kang PBMC,scvi,scVI,donor,"1015_ctrl,1015_stim,1488_ctrl,1488_stim,1256_ctrl,1256_stim,1016_ctrl,1016_stim,1244_ctrl,1244_stim,101_ctrl,101_stim",1039,0.6512096774193549,0.6626961199513912,0.5009769614407442,0.6536073748835799,0.7439024390243902,,inductive_section5_added_methods_20260529,/data2/fbidet/scRAW_Inductif/results/inductive_section5_added_methods_20260529/01_runs/kang_pbmc_gse96583_singlets_raw_counts/scvi/1039,/data2/fbidet/scRAW_Inductif/results/inductive_section5_added_methods_20260529/01_runs/kang_pbmc_gse96583_singlets_raw_counts/scvi/1039/metrics.json,metrics.BalancedACC,0.6461538461538462
kang_pbmc_gse96583_singlets_raw_counts,Kang PBMC,scvi,scVI,donor,"1015_ctrl,1015_stim,1488_ctrl,1488_stim,1256_ctrl,1256_stim,1016_ctrl,1016_stim,1244_ctrl,1244_stim,101_ctrl,101_stim",107,0.7437619961612284,0.6915680196203451,0.6333702939994472,0.7229781864493503,0.5671641791044776,0.2,inductive_section5_added_methods_20260529,/data2/fbidet/scRAW_Inductif/results/inductive_section5_added_methods_20260529/01_runs/kang_pbmc_gse96583_singlets_raw_counts/scvi/107,/data2/fbidet/scRAW_Inductif/results/inductive_section5_added_methods_20260529/01_runs/kang_pbmc_gse96583_singlets_raw_counts/scvi/107/metrics.json,metrics.BalancedACC,0.4939393939393939
macaque_retina_gse118480_bipolar_raw_counts,Macaque retina,scraw,scRAW,macaque_id,"M1,M2",M3,0.8461034708578913,0.8127314498308723,0.8273217113813375,0.8810916452080569,0.7512820512820513,0.875,scraw_trial0017_exact_used_as_scraw_final,/data2/fbidet/scRAW_Inductif/results/inductive_scraw_trial0017_exact_all_datasets_20260507_145430/01_scraw_runs/macaque_retina_gse118480_bipolar_raw_counts/scraw/M3,/data2/fbidet/scRAW_Inductif/results/inductive_scraw_trial0017_exact_all_datasets_20260507_145430/01_scraw_runs/macaque_retina_gse118480_bipolar_raw_counts/scraw/M3/metrics.json,metrics.BalancedACC,0.711876902587519
macaque_retina_gse118480_bipolar_raw_counts,Macaque retina,scraw,scRAW,macaque_id,"M1,M2",M4,0.7798087141339001,0.7186045525887149,0.7750823945432717,0.826098588917269,0.7295285359801489,0.6557377049180327,scraw_trial0017_exact_used_as_scraw_final,/data2/fbidet/scRAW_Inductif/results/inductive_scraw_trial0017_exact_all_datasets_20260507_145430/01_scraw_runs/macaque_retina_gse118480_bipolar_raw_counts/scraw/M4,/data2/fbidet/scRAW_Inductif/results/inductive_scraw_trial0017_exact_all_datasets_20260507_145430/01_scraw_runs/macaque_retina_gse118480_bipolar_raw_counts/scraw/M4/metrics.json,metrics.BalancedACC,0.6893430708410189
macaque_retina_gse118480_bipolar_raw_counts,Macaque retina,scname,scNAME,macaque_id,"M1,M2",M3,0.69875573019,0.585436733435,0.637071401422,0.745549832569,0.625641025641,0.0,new_run,/data2/fbidet/scRAW_Inductif/results/inductive_multidataset_top4_representative_20260428/01_new_runs/macaque_retina_gse118480_bipolar_raw_counts/scname/M3,/data2/fbidet/scRAW_Inductif/results/inductive_multidataset_top4_representative_20260428/01_new_runs/macaque_retina_gse118480_bipolar_raw_counts/scname/M3/metrics.json,metrics.BalancedACC,0.4211377473363774
macaque_retina_gse118480_bipolar_raw_counts,Macaque retina,scname,scNAME,macaque_id,"M1,M2",M4,0.592773645058,0.506793163103,0.289286875232,0.555708819077,0.496277915633,0.508196721311,new_run,/data2/fbidet/scRAW_Inductif/results/inductive_multidataset_top4_representative_20260428/01_new_runs/macaque_retina_gse118480_bipolar_raw_counts/scname/M4,/data2/fbidet/scRAW_Inductif/results/inductive_multidataset_top4_representative_20260428/01_new_runs/macaque_retina_gse118480_bipolar_raw_counts/scname/M4/metrics.json,metrics.BalancedACC,0.4300470100743698
macaque_retina_gse118480_bipolar_raw_counts,Macaque retina,sc_mae,scMAE,macaque_id,"M1,M2",M3,0.986684130103,0.900829866953,0.978048438105,0.964131634091,0.961538461538,0.0,new_run,/data2/fbidet/scRAW_Inductif/results/inductive_multidataset_top4_representative_20260428/01_new_runs/macaque_retina_gse118480_bipolar_raw_counts/sc_mae/M3,/data2/fbidet/scRAW_Inductif/results/inductive_multidataset_top4_representative_20260428/01_new_runs/macaque_retina_gse118480_bipolar_raw_counts/sc_mae/M3/metrics.json,metrics.BalancedACC,0.7349509463304877
macaque_retina_gse118480_bipolar_raw_counts,Macaque retina,sc_mae,scMAE,macaque_id,"M1,M2",M4,0.957066950053,0.876522415325,0.92957828687,0.901746745321,0.781637717122,0.885245901639,new_run,/data2/fbidet/scRAW_Inductif/results/inductive_multidataset_top4_representative_20260428/01_new_runs/macaque_retina_gse118480_bipolar_raw_counts/sc_mae/M4,/data2/fbidet/scRAW_Inductif/results/inductive_multidataset_top4_representative_20260428/01_new_runs/macaque_retina_gse118480_bipolar_raw_counts/sc_mae/M4/metrics.json,metrics.BalancedACC,0.7858871183084589
macaque_retina_gse118480_bipolar_raw_counts,Macaque retina,scdeepcluster,scDeepCluster,macaque_id,"M1,M2",M3,0.763152150186,0.659847664031,0.725172229304,0.792594401022,0.728205128205,0.0,new_run,/data2/fbidet/scRAW_Inductif/results/inductive_multidataset_top4_representative_20260428/01_new_runs/macaque_retina_gse118480_bipolar_raw_counts/scdeepcluster/M3,/data2/fbidet/scRAW_Inductif/results/inductive_multidataset_top4_representative_20260428/01_new_runs/macaque_retina_gse118480_bipolar_raw_counts/scdeepcluster/M3/metrics.json,metrics.BalancedACC,0.4897022450532724
macaque_retina_gse118480_bipolar_raw_counts,Macaque retina,scdeepcluster,scDeepCluster,macaque_id,"M1,M2",M4,0.649734325186,0.554524795642,0.5650155843,0.683038076637,0.397022332506,0.852459016393,new_run,/data2/fbidet/scRAW_Inductif/results/inductive_multidataset_top4_representative_20260428/01_new_runs/macaque_retina_gse118480_bipolar_raw_counts/scdeepcluster/M4,/data2/fbidet/scRAW_Inductif/results/inductive_multidataset_top4_representative_20260428/01_new_runs/macaque_retina_gse118480_bipolar_raw_counts/scdeepcluster/M4/metrics.json,metrics.BalancedACC,0.4606117745652629
macaque_retina_gse118480_bipolar_raw_counts,Macaque retina,scaide,scAIDE,macaque_id,"M1,M2",M3,0.8240558829949792,0.6513398178618998,0.8667328110682365,0.8677181861251887,0.5717948717948718,0.0,inductive_section5_added_methods_20260529,/data2/fbidet/scRAW_Inductif/results/inductive_section5_added_methods_20260529/01_runs/macaque_retina_gse118480_bipolar_raw_counts/scaide/M3,/data2/fbidet/scRAW_Inductif/results/inductive_section5_added_methods_20260529/01_runs/macaque_retina_gse118480_bipolar_raw_counts/scaide/M3/metrics.json,metrics.BalancedACC,0.3892466580636622
macaque_retina_gse118480_bipolar_raw_counts,Macaque retina,scaide,scAIDE,macaque_id,"M1,M2",M4,0.7458023379383635,0.5411748478546082,0.7485186552723505,0.7766265270035012,0.4739454094292804,0.4590163934426229,inductive_section5_added_methods_20260529,/data2/fbidet/scRAW_Inductif/results/inductive_section5_added_methods_20260529/01_runs/macaque_retina_gse118480_bipolar_raw_counts/scaide/M4,/data2/fbidet/scRAW_Inductif/results/inductive_section5_added_methods_20260529/01_runs/macaque_retina_gse118480_bipolar_raw_counts/scaide/M4/metrics.json,metrics.BalancedACC,0.3625458563899057
macaque_retina_gse118480_bipolar_raw_counts,Macaque retina,scvi,scVI,macaque_id,"M1,M2",M3,0.9094084261078368,0.8771715620112254,0.8772831137906558,0.9245815514128686,0.964102564102564,0.125,inductive_section5_added_methods_20260529,/data2/fbidet/scRAW_Inductif/results/inductive_section5_added_methods_20260529/01_runs/macaque_retina_gse118480_bipolar_raw_counts/scvi/M3,/data2/fbidet/scRAW_Inductif/results/inductive_section5_added_methods_20260529/01_runs/macaque_retina_gse118480_bipolar_raw_counts/scvi/M3/metrics.json,metrics.BalancedACC,0.765219666137251
macaque_retina_gse118480_bipolar_raw_counts,Macaque retina,scvi,scVI,macaque_id,"M1,M2",M4,0.9664187035069076,0.8573111277379076,0.9639374408250928,0.9291331772448728,0.7617866004962779,0.6065573770491803,inductive_section5_added_methods_20260529,/data2/fbidet/scRAW_Inductif/results/inductive_section5_added_methods_20260529/01_runs/macaque_retina_gse118480_bipolar_raw_counts/scvi/M4,/data2/fbidet/scRAW_Inductif/results/inductive_section5_added_methods_20260529/01_runs/macaque_retina_gse118480_bipolar_raw_counts/scvi/M4/metrics.json,metrics.BalancedACC,0.7324595176684162
pancreas_raw_counts_four_batches_celseq_celseq2_fluidigmc1_smartseq2,Pancreas 4 batches,scraw,scRAW,batch,"smartseq2,celseq2",celseq,0.8157370517928287,0.5444526034580688,0.8130523706330409,0.8309182821228517,0.9484536082474226,0.5,scraw_trial0017_exact_used_as_scraw_final,/data2/fbidet/scRAW_Inductif/results/inductive_scraw_trial0017_exact_all_datasets_20260507_145430/01_scraw_runs/pancreas_raw_counts_four_batches_celseq_celseq2_fluidigmc1_smartseq2/scraw/celseq,/data2/fbidet/scRAW_Inductif/results/inductive_scraw_trial0017_exact_all_datasets_20260507_145430/01_scraw_runs/pancreas_raw_counts_four_batches_celseq_celseq2_fluidigmc1_smartseq2/scraw/celseq/metrics.json,metrics.BalancedACC,0.4444444444444444
pancreas_raw_counts_four_batches_celseq_celseq2_fluidigmc1_smartseq2,Pancreas 4 batches,scraw,scRAW,batch,"smartseq2,celseq2",fluidigmc1,0.8855799373040752,0.6725378353550485,0.83804801350893,0.8406227954406746,0.8095238095238095,0.2727272727272727,scraw_trial0017_exact_used_as_scraw_final,/data2/fbidet/scRAW_Inductif/results/inductive_scraw_trial0017_exact_all_datasets_20260507_145430/01_scraw_runs/pancreas_raw_counts_four_batches_celseq_celseq2_fluidigmc1_smartseq2/scraw/fluidigmc1,/data2/fbidet/scRAW_Inductif/results/inductive_scraw_trial0017_exact_all_datasets_20260507_145430/01_scraw_runs/pancreas_raw_counts_four_batches_celseq_celseq2_fluidigmc1_smartseq2/scraw/fluidigmc1/metrics.json,metrics.BalancedACC,0.6022896825396825
pancreas_raw_counts_four_batches_celseq_celseq2_fluidigmc1_smartseq2,Pancreas 4 batches,scname,scNAME,batch,"smartseq2,celseq2",celseq,0.767928286853,0.476691033984,0.675852788056,0.768263721439,0.773195876289,0.5,new_run,/data2/fbidet/scRAW_Inductif/results/inductive_multidataset_top4_representative_20260428/01_new_runs/pancreas_raw_counts_four_batches_celseq_celseq2_fluidigmc1_smartseq2/scname/celseq,/data2/fbidet/scRAW_Inductif/results/inductive_multidataset_top4_representative_20260428/01_new_runs/pancreas_raw_counts_four_batches_celseq_celseq2_fluidigmc1_smartseq2/scname/celseq/metrics.json,metrics.BalancedACC,0.3395061728395061
pancreas_raw_counts_four_batches_celseq_celseq2_fluidigmc1_smartseq2,Pancreas 4 batches,scname,scNAME,batch,"smartseq2,celseq2",fluidigmc1,0.793103448276,0.545814138831,0.752174439105,0.755648463553,0.638095238095,0.272727272727,new_run,/data2/fbidet/scRAW_Inductif/results/inductive_multidataset_top4_representative_20260428/01_new_runs/pancreas_raw_counts_four_batches_celseq_celseq2_fluidigmc1_smartseq2/scname/fluidigmc1,/data2/fbidet/scRAW_Inductif/results/inductive_multidataset_top4_representative_20260428/01_new_runs/pancreas_raw_counts_four_batches_celseq_celseq2_fluidigmc1_smartseq2/scname/fluidigmc1/metrics.json,metrics.BalancedACC,0.4873650793650793
pancreas_raw_counts_four_batches_celseq_celseq2_fluidigmc1_smartseq2,Pancreas 4 batches,sc_mae,scMAE,batch,"smartseq2,celseq2",celseq,0.689243027888,0.513272085529,0.594297361109,0.754494852406,0.917525773196,0.5,new_run,/data2/fbidet/scRAW_Inductif/results/inductive_multidataset_top4_representative_20260428/01_new_runs/pancreas_raw_counts_four_batches_celseq_celseq2_fluidigmc1_smartseq2/sc_mae/celseq,/data2/fbidet/scRAW_Inductif/results/inductive_multidataset_top4_representative_20260428/01_new_runs/pancreas_raw_counts_four_batches_celseq_celseq2_fluidigmc1_smartseq2/sc_mae/celseq/metrics.json,metrics.BalancedACC,0.4338271604938272
pancreas_raw_counts_four_batches_celseq_celseq2_fluidigmc1_smartseq2,Pancreas 4 batches,sc_mae,scMAE,batch,"smartseq2,celseq2",fluidigmc1,0.844827586207,0.571014917315,0.782619846123,0.813079781712,0.828571428571,0.181818181818,new_run,/data2/fbidet/scRAW_Inductif/results/inductive_multidataset_top4_representative_20260428/01_new_runs/pancreas_raw_counts_four_batches_celseq_celseq2_fluidigmc1_smartseq2/sc_mae/fluidigmc1,/data2/fbidet/scRAW_Inductif/results/inductive_multidataset_top4_representative_20260428/01_new_runs/pancreas_raw_counts_four_batches_celseq_celseq2_fluidigmc1_smartseq2/sc_mae/fluidigmc1/metrics.json,metrics.BalancedACC,0.5056190476190476
pancreas_raw_counts_four_batches_celseq_celseq2_fluidigmc1_smartseq2,Pancreas 4 batches,scdeepcluster,scDeepCluster,batch,"smartseq2,celseq2",celseq,0.493027888446,0.263033089178,0.292992527516,0.484378249323,0.0412371134021,0.1,new_run,/data2/fbidet/scRAW_Inductif/results/inductive_multidataset_top4_representative_20260428/01_new_runs/pancreas_raw_counts_four_batches_celseq_celseq2_fluidigmc1_smartseq2/scdeepcluster/celseq,/data2/fbidet/scRAW_Inductif/results/inductive_multidataset_top4_representative_20260428/01_new_runs/pancreas_raw_counts_four_batches_celseq_celseq2_fluidigmc1_smartseq2/scdeepcluster/celseq/metrics.json,metrics.BalancedACC,0.1296296296296296
pancreas_raw_counts_four_batches_celseq_celseq2_fluidigmc1_smartseq2,Pancreas 4 batches,scdeepcluster,scDeepCluster,batch,"smartseq2,celseq2",fluidigmc1,0.87460815047,0.520864106972,0.812622971441,0.77112559735,0.666666666667,0.0,new_run,/data2/fbidet/scRAW_Inductif/results/inductive_multidataset_top4_representative_20260428/01_new_runs/pancreas_raw_counts_four_batches_celseq_celseq2_fluidigmc1_smartseq2/scdeepcluster/fluidigmc1,/data2/fbidet/scRAW_Inductif/results/inductive_multidataset_top4_representative_20260428/01_new_runs/pancreas_raw_counts_four_batches_celseq_celseq2_fluidigmc1_smartseq2/scdeepcluster/fluidigmc1/metrics.json,metrics.BalancedACC,0.4024444444444445
pancreas_raw_counts_four_batches_celseq_celseq2_fluidigmc1_smartseq2,Pancreas 4 batches,scaide,scAIDE,batch,"smartseq2,celseq2",celseq,0.795816733067729,0.5533006036239034,0.7057678077160743,0.7982565242436955,0.9484536082474226,0.5,inductive_section5_added_methods_20260529,/data2/fbidet/scRAW_Inductif/results/inductive_section5_added_methods_20260529/01_runs/pancreas_raw_counts_four_batches_celseq_celseq2_fluidigmc1_smartseq2/scaide/celseq,/data2/fbidet/scRAW_Inductif/results/inductive_section5_added_methods_20260529/01_runs/pancreas_raw_counts_four_batches_celseq_celseq2_fluidigmc1_smartseq2/scaide/celseq/metrics.json,metrics.BalancedACC,0.4444444444444444
pancreas_raw_counts_four_batches_celseq_celseq2_fluidigmc1_smartseq2,Pancreas 4 batches,scaide,scAIDE,batch,"smartseq2,celseq2",fluidigmc1,0.8526645768025078,0.6023981024759462,0.8029883024829891,0.7886662089006036,0.7619047619047619,0.0909090909090909,inductive_section5_added_methods_20260529,/data2/fbidet/scRAW_Inductif/results/inductive_section5_added_methods_20260529/01_runs/pancreas_raw_counts_four_batches_celseq_celseq2_fluidigmc1_smartseq2/scaide/fluidigmc1,/data2/fbidet/scRAW_Inductif/results/inductive_section5_added_methods_20260529/01_runs/pancreas_raw_counts_four_batches_celseq_celseq2_fluidigmc1_smartseq2/scaide/fluidigmc1/metrics.json,metrics.BalancedACC,0.53
pancreas_raw_counts_four_batches_celseq_celseq2_fluidigmc1_smartseq2,Pancreas 4 batches,scvi,scVI,batch,"smartseq2,celseq2",celseq,0.7111553784860558,0.3603750287110298,0.4465358203739999,0.5411133540356268,0.3195876288659793,0.3,inductive_section5_added_methods_20260529,/data2/fbidet/scRAW_Inductif/results/inductive_section5_added_methods_20260529/01_runs/pancreas_raw_counts_four_batches_celseq_celseq2_fluidigmc1_smartseq2/scvi/celseq,/data2/fbidet/scRAW_Inductif/results/inductive_section5_added_methods_20260529/01_runs/pancreas_raw_counts_four_batches_celseq_celseq2_fluidigmc1_smartseq2/scvi/celseq/metrics.json,metrics.BalancedACC,0.1687719298245614
pancreas_raw_counts_four_batches_celseq_celseq2_fluidigmc1_smartseq2,Pancreas 4 batches,scvi,scVI,batch,"smartseq2,celseq2",fluidigmc1,0.4216300940438871,0.3676891048957312,0.1840578828422217,0.3636668519562705,0.580952380952381,0.0909090909090909,inductive_section5_added_methods_20260529,/data2/fbidet/scRAW_Inductif/results/inductive_section5_added_methods_20260529/01_runs/pancreas_raw_counts_four_batches_celseq_celseq2_fluidigmc1_smartseq2/scvi/fluidigmc1,/data2/fbidet/scRAW_Inductif/results/inductive_section5_added_methods_20260529/01_runs/pancreas_raw_counts_four_batches_celseq_celseq2_fluidigmc1_smartseq2/scvi/fluidigmc1/metrics.json,metrics.BalancedACC,0.3538769841269841
