algorithm,metric,variant,mean_delta,best_mean,best_std,best_n,baseline_mean,baseline_std,baseline_n
DESC,ACC,full_leiden,-2.3339946318159987e-05,0.939129420002334,0.0026115720818203,5,0.939152759948652,0.0018828119290226,5
DESC,ARI,full_kmeans,-0.0005228885181164846,0.9379056041747464,0.0038704509564816,5,0.9384284926928632,0.0034780220876895,5
DESC,NMI,full_kmeans,-0.00037509584466558,0.906770163383532,0.0067952965778162,5,0.9071452592281976,0.0055999484686263,5
scDeepCluster,ACC,full_leiden_triplet,0.20534484770685024,0.7979227447776871,0.0883525105329303,5,0.5925778970708367,0.045968541257262,5
scDeepCluster,ARI,full_leiden_triplet,0.25820606043829797,0.7831529926784487,0.1215327559087515,5,0.5249469322401507,0.0569219282764617,5
scDeepCluster,NMI,full_leiden_triplet,0.059810410439668324,0.812850233407455,0.0240822344453276,5,0.7530398229677866,0.0334662928783131,5
scMAE,ACC,full_leiden,0.07984595635430032,0.8311354883883766,0.0713267862084792,5,0.7512895320340764,0.0767899929642392,5
scMAE,ARI,full_leiden,0.0963672394386723,0.8473116968146537,0.1000979986440347,5,0.7509444573759814,0.1240116222127847,5
scMAE,NMI,full_leiden,0.03918920456795312,0.8329672893401263,0.037074519812535,5,0.7937780847721732,0.0471261663132656,5
